Workbook

Sheet Summary
A1: K-Means Clustering — Convergence Summary
A3: Data point | B3: Iter 1 Cluster | C3: Iter 2 Cluster | D3: Iter 3 Cluster | E3: Iter 4 Cluster
A4: A1 | B4: =Iteration_1!L4 -> 1 | C4: =Iteration_2!L4 -> 1 | D4: =Iteration_3!L4 -> 1 | E4: =Iteration_4!L4 -> 1
A5: A2 | B5: =Iteration_1!L5 -> 3 | C5: =Iteration_2!L5 -> 3 | D5: =Iteration_3!L5 -> 3 | E5: =Iteration_4!L5 -> 3
A6: A3 | B6: =Iteration_1!L6 -> 2 | C6: =Iteration_2!L6 -> 2 | D6: =Iteration_3!L6 -> 2 | E6: =Iteration_4!L6 -> 2
A7: B1 | B7: =Iteration_1!L7 -> 2 | C7: =Iteration_2!L7 -> 2 | D7: =Iteration_3!L7 -> 1 | E7: =Iteration_4!L7 -> 1
A8: B2 | B8: =Iteration_1!L8 -> 2 | C8: =Iteration_2!L8 -> 2 | D8: =Iteration_3!L8 -> 2 | E8: =Iteration_4!L8 -> 2
A9: B3 | B9: =Iteration_1!L9 -> 2 | C9: =Iteration_2!L9 -> 2 | D9: =Iteration_3!L9 -> 2 | E9: =Iteration_4!L9 -> 2
A10: C1 | B10: =Iteration_1!L10 -> 3 | C10: =Iteration_2!L10 -> 3 | D10: =Iteration_3!L10 -> 3 | E10: =Iteration_4!L10 -> 3
A11: C2 | B11: =Iteration_1!L11 -> 2 | C11: =Iteration_2!L11 -> 1 | D11: =Iteration_3!L11 -> 1 | E11: =Iteration_4!L11 -> 1
A13: Converged? (Iter3 = Iter4) | B13: =IF(SUMPRODUCT(--(D4:D11<>E4:E11))=0,"YES - Converged","NO - keep iterating") -> YES - Converged
A15: Final Centroids (from Iteration 4)
A16: Cluster | B16: x | C16: y
A17: Cluster 1 | B17: =Iteration_4!O4 -> 3.6666667 | C17: =Iteration_4!P4 -> 9
A18: Cluster 2 | B18: =Iteration_4!O5 -> 7 | C18: =Iteration_4!P5 -> 4.3333333
A19: Cluster 3 | B19: =Iteration_4!O6 -> 1.5 | C19: =Iteration_4!P6 -> 3.5
A21: Note: Each iteration sheet shows the distance calc, cluster assignment (MATCH/MIN), and new centroid calc (AVERAGEIF) for that step. Iterations 2-4 pull their centroids live from the previous sheet's 'New Centroid' table, so the whole model recalculates if the raw data changes.

Sheet Iteration_1
A1: Iteration 1
A3: Data points | B3: x | C3: y | E3: Centroid used | F3: x | G3: y | I3: Dist -> C1 | J3: Dist -> C2 | K3: Dist -> C3 | L3: Cluster | N3: New Centroid | O3: x | P3: y
A4: A1 | B4: 2 | C4: 10 | E4: Centroid 1 | F4: 2 | G4: 10 | I4: =ROUND(SQRT((B4-$F$4)^2+(C4-$G$4)^2),2) -> 0 | J4: =ROUND(SQRT((B4-$F$5)^2+(C4-$G$5)^2),2) -> 3.61 | K4: =ROUND(SQRT((B4-$F$6)^2+(C4-$G$6)^2),2) -> 8.06 | L4: =MATCH(MIN(I4:K4), I4:K4, 0) -> 1 | N4: New Centroid 1 | O4: =AVERAGEIF($L$4:$L$11, 1, $B$4:$B$11) -> 2 | P4: =AVERAGEIF($L$4:$L$11, 1, $C$4:$C$11) -> 10
A5: A2 | B5: 2 | C5: 5 | E5: Centroid 2 | F5: 5 | G5: 8 | I5: =ROUND(SQRT((B5-$F$4)^2+(C5-$G$4)^2),2) -> 5 | J5: =ROUND(SQRT((B5-$F$5)^2+(C5-$G$5)^2),2) -> 4.24 | K5: =ROUND(SQRT((B5-$F$6)^2+(C5-$G$6)^2),2) -> 3.16 | L5: =MATCH(MIN(I5:K5), I5:K5, 0) -> 3 | N5: New Centroid 2 | O5: =AVERAGEIF($L$4:$L$11, 2, $B$4:$B$11) -> 6 | P5: =AVERAGEIF($L$4:$L$11, 2, $C$4:$C$11) -> 6
A6: A3 | B6: 8 | C6: 4 | E6: Centroid 3 | F6: 1 | G6: 2 | I6: =ROUND(SQRT((B6-$F$4)^2+(C6-$G$4)^2),2) -> 8.49 | J6: =ROUND(SQRT((B6-$F$5)^2+(C6-$G$5)^2),2) -> 5 | K6: =ROUND(SQRT((B6-$F$6)^2+(C6-$G$6)^2),2) -> 7.28 | L6: =MATCH(MIN(I6:K6), I6:K6, 0) -> 2 | N6: New Centroid 3 | O6: =AVERAGEIF($L$4:$L$11, 3, $B$4:$B$11) -> 1.5 | P6: =AVERAGEIF($L$4:$L$11, 3, $C$4:$C$11) -> 3.5
A7: B1 | B7: 5 | C7: 8 | I7: =ROUND(SQRT((B7-$F$4)^2+(C7-$G$4)^2),2) -> 3.61 | J7: =ROUND(SQRT((B7-$F$5)^2+(C7-$G$5)^2),2) -> 0 | K7: =ROUND(SQRT((B7-$F$6)^2+(C7-$G$6)^2),2) -> 7.21 | L7: =MATCH(MIN(I7:K7), I7:K7, 0) -> 2
A8: B2 | B8: 7 | C8: 5 | I8: =ROUND(SQRT((B8-$F$4)^2+(C8-$G$4)^2),2) -> 7.07 | J8: =ROUND(SQRT((B8-$F$5)^2+(C8-$G$5)^2),2) -> 3.61 | K8: =ROUND(SQRT((B8-$F$6)^2+(C8-$G$6)^2),2) -> 6.71 | L8: =MATCH(MIN(I8:K8), I8:K8, 0) -> 2
A9: B3 | B9: 6 | C9: 4 | I9: =ROUND(SQRT((B9-$F$4)^2+(C9-$G$4)^2),2) -> 7.21 | J9: =ROUND(SQRT((B9-$F$5)^2+(C9-$G$5)^2),2) -> 4.12 | K9: =ROUND(SQRT((B9-$F$6)^2+(C9-$G$6)^2),2) -> 5.39 | L9: =MATCH(MIN(I9:K9), I9:K9, 0) -> 2
A10: C1 | B10: 1 | C10: 2 | I10: =ROUND(SQRT((B10-$F$4)^2+(C10-$G$4)^2),2) -> 8.06 | J10: =ROUND(SQRT((B10-$F$5)^2+(C10-$G$5)^2),2) -> 7.21 | K10: =ROUND(SQRT((B10-$F$6)^2+(C10-$G$6)^2),2) -> 0 | L10: =MATCH(MIN(I10:K10), I10:K10, 0) -> 3
A11: C2 | B11: 4 | C11: 9 | I11: =ROUND(SQRT((B11-$F$4)^2+(C11-$G$4)^2),2) -> 2.24 | J11: =ROUND(SQRT((B11-$F$5)^2+(C11-$G$5)^2),2) -> 1.41 | K11: =ROUND(SQRT((B11-$F$6)^2+(C11-$G$6)^2),2) -> 7.62 | L11: =MATCH(MIN(I11:K11), I11:K11, 0) -> 2
A13: Blue = hardcoded input | Green = linked from previous iteration | Black = formula

Sheet Iteration_2
A1: Iteration 2
A3: Data points | B3: x | C3: y | E3: Centroid used | F3: x | G3: y | I3: Dist -> C1 | J3: Dist -> C2 | K3: Dist -> C3 | L3: Cluster | N3: New Centroid | O3: x | P3: y
A4: A1 | B4: 2 | C4: 10 | E4: Centroid 1 | F4: =Iteration_1!O4 -> 2 | G4: =Iteration_1!P4 -> 10 | I4: =ROUND(SQRT((B4-$F$4)^2+(C4-$G$4)^2),2) -> 0 | J4: =ROUND(SQRT((B4-$F$5)^2+(C4-$G$5)^2),2) -> 5.66 | K4: =ROUND(SQRT((B4-$F$6)^2+(C4-$G$6)^2),2) -> 6.52 | L4: =MATCH(MIN(I4:K4),I4:K4,0) -> 1 | N4: New Centroid 1 | O4: =AVERAGEIF($L$4:$L$11, 1, $B$4:$B$11) -> 3 | P4: =AVERAGEIF($L$4:$L$11, 1, $C$4:$C$11) -> 9.5
A5: A2 | B5: 2 | C5: 5 | E5: Centroid 2 | F5: =Iteration_1!O5 -> 6 | G5: =Iteration_1!P5 -> 6 | I5: =ROUND(SQRT((B5-$F$4)^2+(C5-$G$4)^2),2) -> 5 | J5: =ROUND(SQRT((B5-$F$5)^2+(C5-$G$5)^2),2) -> 4.12 | K5: =ROUND(SQRT((B5-$F$6)^2+(C5-$G$6)^2),2) -> 1.58 | L5: =MATCH(MIN(I5:K5),I5:K5,0) -> 3 | N5: New Centroid 2 | O5: =AVERAGEIF($L$4:$L$11, 2, $B$4:$B$11) -> 6.5 | P5: =AVERAGEIF($L$4:$L$11, 2, $C$4:$C$11) -> 5.25
A6: A3 | B6: 8 | C6: 4 | E6: Centroid 3 | F6: =Iteration_1!O6 -> 1.5 | G6: =Iteration_1!P6 -> 3.5 | I6: =ROUND(SQRT((B6-$F$4)^2+(C6-$G$4)^2),2) -> 8.49 | J6: =ROUND(SQRT((B6-$F$5)^2+(C6-$G$5)^2),2) -> 2.83 | K6: =ROUND(SQRT((B6-$F$6)^2+(C6-$G$6)^2),2) -> 6.52 | L6: =MATCH(MIN(I6:K6),I6:K6,0) -> 2 | N6: New Centroid 3 | O6: =AVERAGEIF($L$4:$L$11, 3, $B$4:$B$11) -> 1.5 | P6: =AVERAGEIF($L$4:$L$11, 3, $C$4:$C$11) -> 3.5
A7: B1 | B7: 5 | C7: 8 | I7: =ROUND(SQRT((B7-$F$4)^2+(C7-$G$4)^2),2) -> 3.61 | J7: =ROUND(SQRT((B7-$F$5)^2+(C7-$G$5)^2),2) -> 2.24 | K7: =ROUND(SQRT((B7-$F$6)^2+(C7-$G$6)^2),2) -> 5.7 | L7: =MATCH(MIN(I7:K7),I7:K7,0) -> 2
A8: B2 | B8: 7 | C8: 5 | I8: =ROUND(SQRT((B8-$F$4)^2+(C8-$G$4)^2),2) -> 7.07 | J8: =ROUND(SQRT((B8-$F$5)^2+(C8-$G$5)^2),2) -> 1.41 | K8: =ROUND(SQRT((B8-$F$6)^2+(C8-$G$6)^2),2) -> 5.7 | L8: =MATCH(MIN(I8:K8),I8:K8,0) -> 2
A9: B3 | B9: 6 | C9: 4 | I9: =ROUND(SQRT((B9-$F$4)^2+(C9-$G$4)^2),2) -> 7.21 | J9: =ROUND(SQRT((B9-$F$5)^2+(C9-$G$5)^2),2) -> 2 | K9: =ROUND(SQRT((B9-$F$6)^2+(C9-$G$6)^2),2) -> 4.53 | L9: =MATCH(MIN(I9:K9),I9:K9,0) -> 2
A10: C1 | B10: 1 | C10: 2 | I10: =ROUND(SQRT((B10-$F$4)^2+(C10-$G$4)^2),2) -> 8.06 | J10: =ROUND(SQRT((B10-$F$5)^2+(C10-$G$5)^2),2) -> 6.4 | K10: =ROUND(SQRT((B10-$F$6)^2+(C10-$G$6)^2),2) -> 1.58 | L10: =MATCH(MIN(I10:K10),I10:K10,0) -> 3
A11: C2 | B11: 4 | C11: 9 | I11: =ROUND(SQRT((B11-$F$4)^2+(C11-$G$4)^2),2) -> 2.24 | J11: =ROUND(SQRT((B11-$F$5)^2+(C11-$G$5)^2),2) -> 3.61 | K11: =ROUND(SQRT((B11-$F$6)^2+(C11-$G$6)^2),2) -> 6.04 | L11: =MATCH(MIN(I11:K11),I11:K11,0) -> 1
A13: Blue = hardcoded input | Green = linked from previous iteration | Black = formula

Sheet Iteration_3
A1: Iteration 3
A3: Data points | B3: x | C3: y | E3: Centroid used | F3: x | G3: y | I3: Dist -> C1 | J3: Dist -> C2 | K3: Dist -> C3 | L3: Cluster | N3: New Centroid | O3: x | P3: y
A4: A1 | B4: 2 | C4: 10 | E4: Centroid 1 | F4: =Iteration_2!O4 -> 3 | G4: =Iteration_2!P4 -> 9.5 | I4: =ROUND(SQRT((B4-$F$4)^2+(C4-$G$4)^2),2) -> 1.12 | J4: =ROUND(SQRT((B4-$F$5)^2+(C4-$G$5)^2),2) -> 6.54 | K4: =ROUND(SQRT((B4-$F$6)^2+(C4-$G$6)^2),2) -> 6.52 | L4: =MATCH(MIN(I4:K4),I4:K4,0) -> 1 | N4: New Centroid 1 | O4: =AVERAGEIF($L$4:$L$11, 1, $B$4:$B$11) -> 3.6666667 | P4: =AVERAGEIF($L$4:$L$11, 1, $C$4:$C$11) -> 9
A5: A2 | B5: 2 | C5: 5 | E5: Centroid 2 | F5: =Iteration_2!O5 -> 6.5 | G5: =Iteration_2!P5 -> 5.25 | I5: =ROUND(SQRT((B5-$F$4)^2+(C5-$G$4)^2),2) -> 4.61 | J5: =ROUND(SQRT((B5-$F$5)^2+(C5-$G$5)^2),2) -> 4.51 | K5: =ROUND(SQRT((B5-$F$6)^2+(C5-$G$6)^2),2) -> 1.58 | L5: =MATCH(MIN(I5:K5),I5:K5,0) -> 3 | N5: New Centroid 2 | O5: =AVERAGEIF($L$4:$L$11, 2, $B$4:$B$11) -> 7 | P5: =AVERAGEIF($L$4:$L$11, 2, $C$4:$C$11) -> 4.3333333
A6: A3 | B6: 8 | C6: 4 | E6: Centroid 3 | F6: =Iteration_2!O6 -> 1.5 | G6: =Iteration_2!P6 -> 3.5 | I6: =ROUND(SQRT((B6-$F$4)^2+(C6-$G$4)^2),2) -> 7.43 | J6: =ROUND(SQRT((B6-$F$5)^2+(C6-$G$5)^2),2) -> 1.95 | K6: =ROUND(SQRT((B6-$F$6)^2+(C6-$G$6)^2),2) -> 6.52 | L6: =MATCH(MIN(I6:K6),I6:K6,0) -> 2 | N6: New Centroid 3 | O6: =AVERAGEIF($L$4:$L$11, 3, $B$4:$B$11) -> 1.5 | P6: =AVERAGEIF($L$4:$L$11, 3, $C$4:$C$11) -> 3.5
A7: B1 | B7: 5 | C7: 8 | I7: =ROUND(SQRT((B7-$F$4)^2+(C7-$G$4)^2),2) -> 2.5 | J7: =ROUND(SQRT((B7-$F$5)^2+(C7-$G$5)^2),2) -> 3.13 | K7: =ROUND(SQRT((B7-$F$6)^2+(C7-$G$6)^2),2) -> 5.7 | L7: =MATCH(MIN(I7:K7),I7:K7,0) -> 1
A8: B2 | B8: 7 | C8: 5 | I8: =ROUND(SQRT((B8-$F$4)^2+(C8-$G$4)^2),2) -> 6.02 | J8: =ROUND(SQRT((B8-$F$5)^2+(C8-$G$5)^2),2) -> 0.56 | K8: =ROUND(SQRT((B8-$F$6)^2+(C8-$G$6)^2),2) -> 5.7 | L8: =MATCH(MIN(I8:K8),I8:K8,0) -> 2
A9: B3 | B9: 6 | C9: 4 | I9: =ROUND(SQRT((B9-$F$4)^2+(C9-$G$4)^2),2) -> 6.26 | J9: =ROUND(SQRT((B9-$F$5)^2+(C9-$G$5)^2),2) -> 1.35 | K9: =ROUND(SQRT((B9-$F$6)^2+(C9-$G$6)^2),2) -> 4.53 | L9: =MATCH(MIN(I9:K9),I9:K9,0) -> 2
A10: C1 | B10: 1 | C10: 2 | I10: =ROUND(SQRT((B10-$F$4)^2+(C10-$G$4)^2),2) -> 7.76 | J10: =ROUND(SQRT((B10-$F$5)^2+(C10-$G$5)^2),2) -> 6.39 | K10: =ROUND(SQRT((B10-$F$6)^2+(C10-$G$6)^2),2) -> 1.58 | L10: =MATCH(MIN(I10:K10),I10:K10,0) -> 3
A11: C2 | B11: 4 | C11: 9 | I11: =ROUND(SQRT((B11-$F$4)^2+(C11-$G$4)^2),2) -> 1.12 | J11: =ROUND(SQRT((B11-$F$5)^2+(C11-$G$5)^2),2) -> 4.51 | K11: =ROUND(SQRT((B11-$F$6)^2+(C11-$G$6)^2),2) -> 6.04 | L11: =MATCH(MIN(I11:K11),I11:K11,0) -> 1
A13: Blue = hardcoded input | Green = linked from previous iteration | Black = formula

Sheet Iteration_4
A1: Iteration 4
A3: Data points | B3: x | C3: y | E3: Centroid used | F3: x | G3: y | I3: Dist -> C1 | J3: Dist -> C2 | K3: Dist -> C3 | L3: Cluster | N3: New Centroid | O3: x | P3: y
A4: A1 | B4: 2 | C4: 10 | E4: Centroid 1 | F4: =Iteration_3!O4 -> 3.6666667 | G4: =Iteration_3!P4 -> 9 | I4: =ROUND(SQRT((B4-$F$4)^2+(C4-$G$4)^2),2) -> 1.94 | J4: =ROUND(SQRT((B4-$F$5)^2+(C4-$G$5)^2),2) -> 7.56 | K4: =ROUND(SQRT((B4-$F$6)^2+(C4-$G$6)^2),2) -> 6.52 | L4: =MATCH(MIN(I4:K4),I4:K4,0) -> 1 | N4: New Centroid 1 | O4: =AVERAGEIF($L$4:$L$11, 1, $B$4:$B$11) -> 3.6666667 | P4: =AVERAGEIF($L$4:$L$11, 1, $C$4:$C$11) -> 9
A5: A2 | B5: 2 | C5: 5 | E5: Centroid 2 | F5: =Iteration_3!O5 -> 7 | G5: =Iteration_3!P5 -> 4.3333333 | I5: =ROUND(SQRT((B5-$F$4)^2+(C5-$G$4)^2),2) -> 4.33 | J5: =ROUND(SQRT((B5-$F$5)^2+(C5-$G$5)^2),2) -> 5.04 | K5: =ROUND(SQRT((B5-$F$6)^2+(C5-$G$6)^2),2) -> 1.58 | L5: =MATCH(MIN(I5:K5),I5:K5,0) -> 3 | N5: New Centroid 2 | O5: =AVERAGEIF($L$4:$L$11, 2, $B$4:$B$11) -> 7 | P5: =AVERAGEIF($L$4:$L$11, 2, $C$4:$C$11) -> 4.3333333
A6: A3 | B6: 8 | C6: 4 | E6: Centroid 3 | F6: =Iteration_3!O6 -> 1.5 | G6: =Iteration_3!P6 -> 3.5 | I6: =ROUND(SQRT((B6-$F$4)^2+(C6-$G$4)^2),2) -> 6.62 | J6: =ROUND(SQRT((B6-$F$5)^2+(C6-$G$5)^2),2) -> 1.05 | K6: =ROUND(SQRT((B6-$F$6)^2+(C6-$G$6)^2),2) -> 6.52 | L6: =MATCH(MIN(I6:K6),I6:K6,0) -> 2 | N6: New Centroid 3 | O6: =AVERAGEIF($L$4:$L$11, 3, $B$4:$B$11) -> 1.5 | P6: =AVERAGEIF($L$4:$L$11, 3, $C$4:$C$11) -> 3.5
A7: B1 | B7: 5 | C7: 8 | I7: =ROUND(SQRT((B7-$F$4)^2+(C7-$G$4)^2),2) -> 1.67 | J7: =ROUND(SQRT((B7-$F$5)^2+(C7-$G$5)^2),2) -> 4.18 | K7: =ROUND(SQRT((B7-$F$6)^2+(C7-$G$6)^2),2) -> 5.7 | L7: =MATCH(MIN(I7:K7),I7:K7,0) -> 1
A8: B2 | B8: 7 | C8: 5 | I8: =ROUND(SQRT((B8-$F$4)^2+(C8-$G$4)^2),2) -> 5.21 | J8: =ROUND(SQRT((B8-$F$5)^2+(C8-$G$5)^2),2) -> 0.67 | K8: =ROUND(SQRT((B8-$F$6)^2+(C8-$G$6)^2),2) -> 5.7 | L8: =MATCH(MIN(I8:K8),I8:K8,0) -> 2
A9: B3 | B9: 6 | C9: 4 | I9: =ROUND(SQRT((B9-$F$4)^2+(C9-$G$4)^2),2) -> 5.52 | J9: =ROUND(SQRT((B9-$F$5)^2+(C9-$G$5)^2),2) -> 1.05 | K9: =ROUND(SQRT((B9-$F$6)^2+(C9-$G$6)^2),2) -> 4.53 | L9: =MATCH(MIN(I9:K9),I9:K9,0) -> 2
A10: C1 | B10: 1 | C10: 2 | I10: =ROUND(SQRT((B10-$F$4)^2+(C10-$G$4)^2),2) -> 7.49 | J10: =ROUND(SQRT((B10-$F$5)^2+(C10-$G$5)^2),2) -> 6.44 | K10: =ROUND(SQRT((B10-$F$6)^2+(C10-$G$6)^2),2) -> 1.58 | L10: =MATCH(MIN(I10:K10),I10:K10,0) -> 3
A11: C2 | B11: 4 | C11: 9 | I11: =ROUND(SQRT((B11-$F$4)^2+(C11-$G$4)^2),2) -> 0.33 | J11: =ROUND(SQRT((B11-$F$5)^2+(C11-$G$5)^2),2) -> 5.55 | K11: =ROUND(SQRT((B11-$F$6)^2+(C11-$G$6)^2),2) -> 6.04 | L11: =MATCH(MIN(I11:K11),I11:K11,0) -> 1
A13: Blue = hardcoded input | Green = linked from previous iteration | Black = formula
